dt;x;y;z;a;b;c;j_cfg
0.008;-81.0;-683.0;472.02;166.48;0.46;-179.66;1028
0.008;-80.99994265610944;-682.9999426561094;472.02;166.48;0.46;-179.66;1028
0.008;-80.9995412488755;-682.9995412488755;472.02;166.48;0.46;-179.66;1028
0.008;-80.9984517149548;-682.9984517149549;472.02;166.48;0.46;-179.66;1028
0.008;-80.99632999100398;-682.996329991004;472.02;166.48;0.46;-179.66;1028
0.008;-80.99283201367963;-682.9928320136796;472.02;166.48;0.46;-179.66;1028
0.008;-80.9876137196384;-682.9876137196384;472.02;166.48;0.46;-179.66;1028
0.008;-80.9803310455369;-682.9803310455369;472.02;166.48;0.46;-179.66;1028
0.008;-80.97063992803176;-682.9706399280318;472.02;166.48;0.46;-179.66;1028
0.008;-80.9581963037796;-682.9581963037796;472.02;166.48;0.46;-179.66;1028
0.008;-80.94265610943704;-682.942656109437;472.02;166.48;0.46;-179.66;1028
0.008;-80.9236752816607;-682.9236752816607;472.02;166.48;0.46;-179.66;1028
0.008;-80.9009097571072;-682.9009097571072;472.02;166.48;0.46;-179.66;1028
0.008;-80.87401547243317;-682.8740154724331;472.02;166.48;0.46;-179.66;1028
0.008;-80.84264836429524;-682.8426483642952;472.02;166.48;0.46;-179.66;1028
0.008;-80.80646436935001;-682.80646436935;472.02;166.48;0.46;-179.66;1028
0.008;-80.76511942425412;-682.7651194242541;472.02;166.48;0.46;-179.66;1028
0.008;-80.71826946566418;-682.7182694656642;472.02;166.48;0.46;-179.66;1028
0.008;-80.66557043023683;-682.6655704302368;472.02;166.48;0.46;-179.66;1028
0.008;-80.60667825462866;-682.6066782546286;472.02;166.48;0.46;-179.66;1028
0.008;-80.54124887549632;-682.5412488754963;472.02;166.48;0.46;-179.66;1028
0.008;-80.46893822949643;-682.4689382294964;472.02;166.48;0.46;-179.66;1028
0.008;-80.38940225328561;-682.3894022532857;472.02;166.48;0.46;-179.66;1028
0.008;-80.30229688352047;-682.3022968835205;472.02;166.48;0.46;-179.66;1028
0.008;-80.20727805685765;-682.2072780568576;472.02;166.48;0.46;-179.66;1028
0.008;-80.10400170995376;-682.1040017099538;472.02;166.48;0.46;-179.66;1028
0.008;-79.99212377946542;-681.9921237794654;472.02;166.48;0.46;-179.66;1028
0.008;-79.87130020204927;-681.8713002020493;472.02;166.48;0.46;-179.66;1028
0.008;-79.74118691436192;-681.741186914362;472.02;166.48;0.46;-179.66;1028
0.008;-79.60143985305999;-681.60143985306;472.02;166.48;0.46;-179.66;1028
0.008;-79.4517149548001;-681.4517149548001;472.02;166.48;0.46;-179.66;1028
0.008;-79.29166815623887;-681.2916681562389;472.02;166.48;0.46;-179.66;1028
0.008;-79.12095539403295;-681.120955394033;472.02;166.48;0.46;-179.66;1028
0.008;-78.93923260483892;-680.9392326048389;472.02;166.48;0.46;-179.66;1028
0.008;-78.74617104612989;-680.7461710461299;472.02;166.48;0.46;-179.66;1028
0.008;-78.54163551963019;-680.5416355196302;472.02;166.48;0.46;-179.66;1028
0.008;-78.32562343957511;-680.3256234395751;472.02;166.48;0.46;-179.66;1028
0.008;-78.09813480596466;-680.0981348059646;472.02;166.48;0.46;-179.66;1028
0.008;-77.85916961879882;-679.8591696187988;472.02;166.48;0.46;-179.66;1028
0.008;-77.6087278780776;-679.6087278780776;472.02;166.48;0.46;-179.66;1028
0.008;-77.346809583801;-679.346809583801;472.02;166.48;0.46;-179.66;1028
0.008;-77.07341473596902;-679.073414735969;472.02;166.48;0.46;-179.66;1028
0.008;-76.78854333458166;-678.7885433345816;472.02;166.48;0.46;-179.66;1028
0.008;-76.49219537963893;-678.4921953796389;472.02;166.48;0.46;-179.66;1028
0.008;-76.18437087114081;-678.1843708711408;472.02;166.48;0.46;-179.66;1028
0.008;-75.86506980908732;-677.8650698090873;472.02;166.48;0.46;-179.66;1028
0.008;-75.53429219347844;-677.5342921934784;472.02;166.48;0.46;-179.66;1028
0.008;-75.19203802431417;-677.1920380243141;472.02;166.48;0.46;-179.66;1028
0.008;-74.83830730159453;-676.8383073015946;472.02;166.48;0.46;-179.66;1028
0.008;-74.47310002531951;-676.4731000253195;472.02;166.48;0.46;-179.66;1028
0.008;-74.09641619548911;-676.0964161954892;472.02;166.48;0.46;-179.66;1028
0.008;-73.70825581210333;-675.7082558121033;472.02;166.48;0.46;-179.66;1028
0.008;-73.30861887516217;-675.3086188751622;472.02;166.48;0.46;-179.66;1028
0.008;-72.89750538466564;-674.8975053846657;472.02;166.48;0.46;-179.66;1028
0.008;-72.47491534061372;-674.4749153406137;472.02;166.48;0.46;-179.66;1028
0.008;-72.04084874300642;-674.0408487430064;472.02;166.48;0.46;-179.66;1028
0.008;-71.59530559184373;-673.5953055918437;472.02;166.48;0.46;-179.66;1028
0.008;-71.13828588712568;-673.1382858871257;472.02;166.48;0.46;-179.66;1028
0.008;-70.66978962885223;-672.6697896288522;472.02;166.48;0.46;-179.66;1028
0.008;-70.18981681702341;-672.1898168170234;472.02;166.48;0.46;-179.66;1028
0.008;-69.69836745163921;-671.6983674516392;472.02;166.48;0.46;-179.66;1028
0.008;-69.19544153269963;-671.1954415326996;472.02;166.48;0.46;-179.66;1028
0.008;-68.68103906020467;-670.6810390602046;472.02;166.48;0.46;-179.66;1028
0.008;-68.15516552984667;-670.1551655298467;472.02;166.48;0.46;-179.66;1028
0.008;-67.61798204780622;-669.6179820478062;472.02;166.48;0.46;-179.66;1028
0.008;-67.06982352827023;-669.0698235282703;472.02;166.48;0.46;-179.66;1028
0.008;-66.51103403458207;-668.511034034582;472.02;166.48;0.46;-179.66;1028
0.008;-65.94195763008513;-667.9419576300851;472.02;166.48;0.46;-179.66;1028
0.008;-65.36293837812278;-667.3629383781227;472.02;166.48;0.46;-179.66;1028
0.008;-64.77432034203841;-666.7743203420384;472.02;166.48;0.46;-179.66;1028
0.008;-64.17644758517537;-666.1764475851754;472.02;166.48;0.46;-179.66;1028
0.008;-63.56966417087706;-665.5696641708771;472.02;166.48;0.46;-179.66;1028
0.008;-62.95431416248687;-664.9543141624869;472.02;166.48;0.46;-179.66;1028
0.008;-62.330741623348146;-664.3307416233481;472.02;166.48;0.46;-179.66;1028
0.008;-61.69929061680429;-663.6992906168043;472.02;166.48;0.46;-179.66;1028
0.008;-61.060305206198656;-663.0603052061987;472.02;166.48;0.46;-179.66;1028
0.008;-60.41412945487464;-662.4141294548747;472.02;166.48;0.46;-179.66;1028
0.008;-59.76110742617562;-661.7611074261756;472.02;166.48;0.46;-179.66;1028
0.008;-59.10158318344497;-661.101583183445;472.02;166.48;0.46;-179.66;1028
0.008;-58.43590079002607;-660.435900790026;472.02;166.48;0.46;-179.66;1028
0.008;-57.764404309262275;-659.7644043092623;472.02;166.48;0.46;-179.66;1028
0.008;-57.08743780449701;-659.087437804497;472.02;166.48;0.46;-179.66;1028
0.008;-56.405345339073605;-658.4053453390736;472.02;166.48;0.46;-179.66;1028
0.008;-55.71847097633547;-657.7184709763354;472.02;166.48;0.46;-179.66;1028
0.008;-55.027158779625964;-657.027158779626;472.02;166.48;0.46;-179.66;1028
0.008;-54.33175281228847;-656.3317528122885;472.02;166.48;0.46;-179.66;1028
0.008;-53.63259713766638;-655.6325971376664;472.02;166.48;0.46;-179.66;1028
0.008;-52.930035819103054;-654.9300358191031;472.02;166.48;0.46;-179.66;1028
0.008;-52.224412919941884;-654.2244129199419;472.02;166.48;0.46;-179.66;1028
0.008;-51.516072503526225;-653.5160725035262;472.02;166.48;0.46;-179.66;1028
0.008;-50.805358633199475;-652.8053586331995;472.02;166.48;0.46;-179.66;1028
0.008;-50.09261537230499;-652.092615372305;472.02;166.48;0.46;-179.66;1028
0.008;-49.378186784186184;-651.3781867841861;472.02;166.48;0.46;-179.66;1028
0.008;-48.6624169321864;-650.6624169321864;472.02;166.48;0.46;-179.66;1028
0.008;-47.94564987964904;-649.9456498796491;472.02;166.48;0.46;-179.66;1028
0.008;-47.22822968991747;-649.2282296899175;472.02;166.48;0.46;-179.66;1028
0.008;-46.51050036602568;-648.5105003660257;472.02;166.48;0.46;-179.66;1028
0.008;-45.79272947417224;-647.7927294741722;472.02;166.48;0.46;-179.66;1028
0.008;-45.074958582318814;-647.0749585823188;472.02;166.48;0.46;-179.66;1028
0.008;-44.35718769046538;-646.3571876904654;472.02;166.48;0.46;-179.66;1028
0.008;-43.63941679861194;-645.6394167986119;472.02;166.48;0.46;-179.66;1028
0.008;-42.92164590675851;-644.9216459067585;472.02;166.48;0.46;-179.66;1028
0.008;-42.20387501490507;-644.2038750149051;472.02;166.48;0.46;-179.66;1028
0.008;-41.48610412305164;-643.4861041230516;472.02;166.48;0.46;-179.66;1028
0.008;-40.768333231198206;-642.7683332311982;472.02;166.48;0.46;-179.66;1028
0.008;-40.05056233934478;-642.0505623393448;472.02;166.48;0.46;-179.66;1028
0.008;-39.332791447491346;-641.3327914474913;472.02;166.48;0.46;-179.66;1028
0.008;-38.61502055563792;-640.6150205556379;472.02;166.48;0.46;-179.66;1028
0.008;-37.89724966378448;-639.8972496637845;472.02;166.48;0.46;-179.66;1028
0.008;-37.179478771931045;-639.179478771931;472.02;166.48;0.46;-179.66;1028
0.008;-36.46170788007761;-638.4617078800776;472.02;166.48;0.46;-179.66;1028
0.008;-35.74393698822417;-637.7439369882242;472.02;166.48;0.46;-179.66;1028
0.008;-35.02616609637073;-637.0261660963707;472.02;166.48;0.46;-179.66;1028
0.008;-34.30839520451731;-636.3083952045173;472.02;166.48;0.46;-179.66;1028
0.008;-33.59062431266387;-635.5906243126639;472.02;166.48;0.46;-179.66;1028
0.008;-32.87285342081043;-634.8728534208104;472.02;166.48;0.46;-179.66;1028
0.008;-32.15508252895701;-634.155082528957;472.02;166.48;0.46;-179.66;1028
0.008;-31.43731163710357;-633.4373116371036;472.02;166.48;0.46;-179.66;1028
0.008;-30.71954074525013;-632.7195407452501;472.02;166.48;0.46;-179.66;1028
0.008;-30.00176985339671;-632.0017698533967;472.02;166.48;0.46;-179.66;1028
0.008;-29.283998961543276;-631.2839989615433;472.02;166.48;0.46;-179.66;1028
0.008;-28.566228069689835;-630.5662280696898;472.02;166.48;0.46;-179.66;1028
0.008;-27.84845717783641;-629.8484571778364;472.02;166.48;0.46;-179.66;1028
0.008;-27.130686285982975;-629.130686285983;472.02;166.48;0.46;-179.66;1028
0.008;-26.412915394129534;-628.4129153941295;472.02;166.48;0.46;-179.66;1028
0.008;-25.6951445022761;-627.6951445022761;472.02;166.48;0.46;-179.66;1028
0.008;-24.977373610422674;-626.9773736104227;472.02;166.48;0.46;-179.66;1028
0.008;-24.259602718569234;-626.2596027185692;472.02;166.48;0.46;-179.66;1028
0.008;-23.5418318267158;-625.5418318267158;472.02;166.48;0.46;-179.66;1028
0.008;-22.824060934862374;-624.8240609348624;472.02;166.48;0.46;-179.66;1028
0.008;-22.106290043008933;-624.1062900430089;472.02;166.48;0.46;-179.66;1028
0.008;-21.3885191511555;-623.3885191511555;472.02;166.48;0.46;-179.66;1028
0.008;-20.670748259302066;-622.6707482593021;472.02;166.48;0.46;-179.66;1028
0.008;-19.952977367448625;-621.9529773674486;472.02;166.48;0.46;-179.66;1028
0.008;-19.2352064755952;-621.2352064755952;472.02;166.48;0.46;-179.66;1028
0.008;-18.517435583741765;-620.5174355837418;472.02;166.48;0.46;-179.66;1028
0.008;-17.799664691888324;-619.7996646918883;472.02;166.48;0.46;-179.66;1028
0.008;-17.081893800034884;-619.0818938000349;472.02;166.48;0.46;-179.66;1028
0.008;-16.364122908181457;-618.3641229081815;472.02;166.48;0.46;-179.66;1028
0.008;-15.646352016328024;-617.646352016328;472.02;166.48;0.46;-179.66;1028
0.008;-14.928581124474576;-616.9285811244746;472.02;166.48;0.46;-179.66;1028
0.008;-14.210810232621157;-616.2108102326212;472.02;166.48;0.46;-179.66;1028
0.008;-13.493039340767709;-615.4930393407677;472.02;166.48;0.46;-179.66;1028
0.008;-12.775268131948721;-614.7752681319487;472.02;166.48;0.46;-179.66;1028
0.008;-12.057329818219557;-614.0573298182196;472.02;166.48;0.46;-179.66;1028
0.008;-11.3386185405177;-613.3386185405177;472.02;166.48;0.46;-179.66;1028
0.008;-10.618456896906622;-612.6184568969067;472.02;166.48;0.46;-179.66;1028
0.008;-9.89616748544988;-611.8961674854498;472.02;166.48;0.46;-179.66;1028
0.008;-9.171072904210945;-611.171072904211;472.02;166.48;0.46;-179.66;1028
0.008;-8.442495751253375;-610.4424957512533;472.02;166.48;0.46;-179.66;1028
0.008;-7.709758624640656;-609.7097586246407;472.02;166.48;0.46;-179.66;1028
0.008;-6.97222569039792;-608.9722256903979;472.02;166.48;0.46;-179.66;1028
0.008;-6.229487112787311;-608.2294871127873;472.02;166.48;0.46;-179.66;1028
0.008;-5.481209492906288;-607.4812094929063;472.02;166.48;0.46;-179.66;1028
0.008;-4.727059492161743;-606.7270594921617;472.02;166.48;0.46;-179.66;1028
0.008;-3.9667037719605815;-605.9667037719606;472.02;166.48;0.46;-179.66;1028
0.008;-3.1998089937096807;-605.1998089937097;472.02;166.48;0.46;-179.66;1028
0.008;-2.426041818815932;-604.426041818816;472.02;166.48;0.46;-179.66;1028
0.008;-1.6450689086862411;-603.6450689086862;472.02;166.48;0.46;-179.66;1028
0.008;-0.8565569247274851;-602.8565569247274;472.02;166.48;0.46;-179.66;1028
0.008;-0.06017252834652709;-602.0601725283466;472.02;166.48;0.46;-179.66;1028
0.008;0.7444176190496989;-601.2555823809503;472.02;166.48;0.46;-179.66;1028
0.008;1.55754685605433;-600.4424531439456;472.02;166.48;0.46;-179.66;1028
0.008;2.3795485212604603;-599.6204514787396;472.02;166.48;0.46;-179.66;1028
0.008;3.210755953261213;-598.7892440467388;472.02;166.48;0.46;-179.66;1028
0.008;4.05150249064971;-597.9484975093503;472.02;166.48;0.46;-179.66;1028
0.008;4.902121472019033;-597.0978785279809;472.02;166.48;0.46;-179.66;1028
0.008;5.762946235962303;-596.2370537640377;472.02;166.48;0.46;-179.66;1028
0.008;6.634310121072659;-595.3656898789274;472.02;166.48;0.46;-179.66;1028
0.008;7.516546465943165;-594.4834535340568;472.02;166.48;0.46;-179.66;1028
0.008;8.409988609166945;-593.5900113908331;472.02;166.48;0.46;-179.66;1028
0.008;9.31496988933715;-592.6850301106629;472.02;166.48;0.46;-179.66;1028
0.008;10.231823645046859;-591.7681763549531;472.02;166.48;0.46;-179.66;1028
0.008;11.160883214889154;-590.8391167851108;472.02;166.48;0.46;-179.66;1028
0.008;12.102481937457185;-589.8975180625428;472.02;166.48;0.46;-179.66;1028
0.008;13.05695315134406;-588.943046848656;472.02;166.48;0.46;-179.66;1028
0.008;14.024630195142848;-587.9753698048571;472.02;166.48;0.46;-179.66;1028
0.008;15.00579176436895;-586.994208235631;472.02;166.48;0.46;-179.66;1028
0.008;16.000292866016423;-585.9997071339835;472.02;166.48;0.46;-179.66;1028
0.008;17.007790556609848;-584.9922094433902;472.02;166.48;0.46;-179.66;1028
0.008;18.027940772805806;-583.9720592271942;472.02;166.48;0.46;-179.66;1028
0.008;19.06039945126092;-582.9396005487391;472.02;166.48;0.46;-179.66;1028
0.008;20.104822528631843;-581.8951774713681;472.02;166.48;0.46;-179.66;1028
0.008;21.160865941575153;-580.8391340584249;472.02;166.48;0.46;-179.66;1028
0.008;22.228194775903987;-579.771805224096;472.02;166.48;0.46;-179.66;1028
0.008;23.306647925437687;-578.6933520745623;472.02;166.48;0.46;-179.66;1028
0.008;24.396219894483977;-577.6037801055161;472.02;166.48;0.46;-179.66;1028
0.008;25.496910683042856;-576.5030893169571;472.02;166.48;0.46;-179.66;1028
0.008;26.60872029111431;-575.3912797088857;472.02;166.48;0.46;-179.66;1028
0.008;27.731648718698324;-574.2683512813016;472.02;166.48;0.46;-179.66;1028
0.008;28.865695965794885;-573.1343040342051;472.02;166.48;0.46;-179.66;1028
0.008;30.01086203240405;-571.989137967596;472.02;166.48;0.46;-179.66;1028
0.008;31.167146918525773;-570.8328530814742;472.02;166.48;0.46;-179.66;1028
0.008;32.33455062416006;-569.6654493758399;472.02;166.48;0.46;-179.66;1028
0.008;33.51307314930695;-568.4869268506931;472.02;166.48;0.46;-179.66;1028
0.008;34.70271449396638;-567.2972855060336;472.02;166.48;0.46;-179.66;1028
0.008;35.90347465813835;-566.0965253418617;472.02;166.48;0.46;-179.66;1028
0.008;37.11535364182295;-564.8846463581771;472.02;166.48;0.46;-179.66;1028
0.008;38.33835144502011;-563.6616485549799;472.02;166.48;0.46;-179.66;1028
0.008;39.5724680677298;-562.4275319322702;472.02;166.48;0.46;-179.66;1028
0.008;40.817703509952125;-561.1822964900479;472.02;166.48;0.46;-179.66;1028
0.008;42.07405777168698;-559.925942228313;472.02;166.48;0.46;-179.66;1028
0.008;43.34153085293438;-558.6584691470656;472.02;166.48;0.46;-179.66;1028
0.008;44.62012275369442;-557.3798772463056;472.02;166.48;0.46;-179.66;1028
0.008;45.909833473967;-556.090166526033;472.02;166.48;0.46;-179.66;1028
0.008;47.21066301375214;-554.7893369862479;472.02;166.48;0.46;-179.66;1028
0.008;48.522587144929446;-553.4774128550705;472.02;166.48;0.46;-179.66;1028
0.008;49.84521723970599;-552.154782760294;472.02;166.48;0.46;-179.66;1028
0.008;51.177883192526025;-550.822116807474;472.02;166.48;0.46;-179.66;1028
0.008;52.5199076014531;-549.480092398547;472.02;166.48;0.46;-179.66;1028
0.008;53.870613064550724;-548.1293869354492;472.02;166.48;0.46;-179.66;1028
0.008;55.22932217988233;-546.7706778201177;472.02;166.48;0.46;-179.66;1028
0.008;56.595357545511575;-545.4046424544885;472.02;166.48;0.46;-179.66;1028
0.008;57.96804434526658;-544.0319556547335;472.02;166.48;0.46;-179.66;1028
0.008;59.34684037548652;-542.6531596245135;472.02;166.48;0.46;-179.66;1028
0.008;60.7313969767618;-541.2686030232383;472.02;166.48;0.46;-179.66;1028
0.008;62.121380810499375;-539.8786191895006;472.02;166.48;0.46;-179.66;1028
0.008;63.51645853810612;-538.4835414618939;472.02;166.48;0.46;-179.66;1028
0.008;64.91629682098895;-537.0837031790111;472.02;166.48;0.46;-179.66;1028
0.008;66.32056232055467;-535.6794376794453;472.02;166.48;0.46;-179.66;1028
0.008;67.7289216982102;-534.2710783017898;472.02;166.48;0.46;-179.66;1028
0.008;69.14104161536247;-532.8589583846375;472.02;166.48;0.46;-179.66;1028
0.008;70.55658873341835;-531.4434112665816;472.02;166.48;0.46;-179.66;1028
0.008;71.97522971378476;-530.0247702862152;472.02;166.48;0.46;-179.66;1028
0.008;73.39663121786853;-528.6033687821315;472.02;166.48;0.46;-179.66;1028
0.008;74.82045990707655;-527.1795400929234;472.02;166.48;0.46;-179.66;1028
0.008;76.24638244281573;-525.7536175571843;472.02;166.48;0.46;-179.66;1028
0.008;77.67406548649296;-524.325934513507;472.02;166.48;0.46;-179.66;1028
0.008;79.10317569951519;-522.8968243004848;472.02;166.48;0.46;-179.66;1028
0.008;80.5333797432892;-521.4666202567108;472.02;166.48;0.46;-179.66;1028
0.008;81.96434427922193;-520.0356557207781;472.02;166.48;0.46;-179.66;1028
0.008;83.39573596872032;-518.6042640312796;472.02;166.48;0.46;-179.66;1028
0.008;84.82722147319117;-517.1727785268088;472.02;166.48;0.46;-179.66;1028
0.008;86.25846745404144;-515.7415325459585;472.02;166.48;0.46;-179.66;1028
0.008;87.68914057267796;-514.310859427322;472.02;166.48;0.46;-179.66;1028
0.008;89.1189074905077;-512.8810925094923;472.02;166.48;0.46;-179.66;1028
0.008;90.54743486893739;-511.4525651310626;472.02;166.48;0.46;-179.66;1028
0.008;91.97438936937411;-510.0256106306259;472.02;166.48;0.46;-179.66;1028
0.008;93.39943765322462;-508.6005623467754;472.02;166.48;0.46;-179.66;1028
0.008;94.82224799722283;-507.1777520027772;472.02;166.48;0.46;-179.66;1028
0.008;96.24269891913343;-505.75730108086657;472.02;166.48;0.46;-179.66;1028
0.008;97.6610854609838;-504.3389145390162;472.02;166.48;0.46;-179.66;1028
0.008;99.07775168611727;-502.92224831388273;472.02;166.48;0.46;-179.66;1028
0.008;100.49304165787717;-501.50695834212286;472.02;166.48;0.46;-179.66;1028
0.008;101.90729943960702;-500.092700560393;472.02;166.48;0.46;-179.66;1028
0.008;103.32086909465008;-498.6791309053499;472.02;166.48;0.46;-179.66;1028
0.008;104.73409468634978;-497.26590531365025;472.02;166.48;0.46;-179.66;1028
0.008;106.1472629341589;-495.8527370658411;472.02;166.48;0.46;-179.66;1028
0.008;107.56043118196806;-494.43956881803194;472.02;166.48;0.46;-179.66;1028
0.008;108.97359942977718;-493.0264005702228;472.02;166.48;0.46;-179.66;1028
0.008;110.3867676775863;-491.6132323224137;472.02;166.48;0.46;-179.66;1028
0.008;111.79993592539543;-490.2000640746046;472.02;166.48;0.46;-179.66;1028
0.008;113.21310417320456;-488.78689582679544;472.02;166.48;0.46;-179.66;1028
0.008;114.62627242101371;-487.3737275789863;472.02;166.48;0.46;-179.66;1028
0.008;116.03944066882283;-485.96055933117714;472.02;166.48;0.46;-179.66;1028
0.008;117.45260891663193;-484.5473910833681;472.02;166.48;0.46;-179.66;1028
0.008;118.86577716444108;-483.13422283555894;472.02;166.48;0.46;-179.66;1028
0.008;120.27894541225021;-481.7210545877498;472.02;166.48;0.46;-179.66;1028
0.008;121.69211366005933;-480.30788633994064;472.02;166.48;0.46;-179.66;1028
0.008;123.10528190786843;-478.8947180921316;472.02;166.48;0.46;-179.66;1028
0.008;124.51845015567761;-477.4815498443224;472.02;166.48;0.46;-179.66;1028
0.008;125.93161840348671;-476.0683815965133;472.02;166.48;0.46;-179.66;1028
0.008;127.34478665129583;-474.65521334870414;472.02;166.48;0.46;-179.66;1028
0.008;128.75795489910496;-473.24204510089504;472.02;166.48;0.46;-179.66;1028
0.008;130.17112314691408;-471.82887685308594;472.02;166.48;0.46;-179.66;1028
0.008;131.5842913947232;-470.4157086052768;472.02;166.48;0.46;-179.66;1028
0.008;132.99745964253236;-469.00254035746764;472.02;166.48;0.46;-179.66;1028
0.008;134.4106278903415;-467.5893721096585;472.02;166.48;0.46;-179.66;1028
0.008;135.8237961381506;-466.1762038618494;472.02;166.48;0.46;-179.66;1028
0.008;137.23696438595974;-464.7630356140403;472.02;166.48;0.46;-179.66;1028
0.008;138.65013263376883;-463.34986736623114;472.02;166.48;0.46;-179.66;1028
0.008;140.06330088157802;-461.936699118422;472.02;166.48;0.46;-179.66;1028
0.008;141.47646912938708;-460.52353087061294;472.02;166.48;0.46;-179.66;1028
0.008;142.88963737719627;-459.11036262280373;472.02;166.48;0.46;-179.66;1028
0.008;144.30280562500536;-457.69719437499464;472.02;166.48;0.46;-179.66;1028
0.008;145.71597387281452;-456.2840261271855;472.02;166.48;0.46;-179.66;1028
0.008;147.1291421206236;-454.8708578793764;472.02;166.48;0.46;-179.66;1028
0.008;148.5423103684328;-453.4576896315672;472.02;166.48;0.46;-179.66;1028
0.008;149.95547861624186;-452.04452138375814;472.02;166.48;0.46;-179.66;1028
0.008;151.36864686405102;-450.631353135949;472.02;166.48;0.46;-179.66;1028
0.008;152.78181511186014;-449.21818488813983;472.02;166.48;0.46;-179.66;1028
0.008;154.19498335966927;-447.80501664033073;472.02;166.48;0.46;-179.66;1028
0.008;155.6081516074784;-446.39184839252164;472.02;166.48;0.46;-179.66;1028
0.008;157.02131985528757;-444.9786801447124;472.02;166.48;0.46;-179.66;1028
0.008;158.43448810309667;-443.56551189690333;472.02;166.48;0.46;-179.66;1028
0.008;159.84765635090574;-442.1523436490943;472.02;166.48;0.46;-179.66;1028
0.008;161.26082584681694;-440.73917415318306;472.02;166.48;0.46;-179.66;1028
0.008;162.67410997227927;-439.32589002772073;472.02;166.48;0.46;-179.66;1028
0.008;164.08782159257052;-437.91217840742945;472.02;166.48;0.46;-179.66;1028
0.008;165.50229412985848;-436.49770587014154;472.02;166.48;0.46;-179.66;1028
0.008;166.91786100631143;-435.08213899368855;472.02;166.48;0.46;-179.66;1028
0.008;168.33485564409725;-433.6651443559027;472.02;166.48;0.46;-179.66;1028
0.008;169.75361146538413;-432.2463885346159;472.02;166.48;0.46;-179.66;1028
0.008;171.174461885447;-430.825538114553;472.02;166.48;0.46;-179.66;1028
0.008;172.5976135779069;-429.40238642209306;472.02;166.48;0.46;-179.66;1028
0.008;174.0228226447318;-427.97717735526817;472.02;166.48;0.46;-179.66;1028
0.008;175.44974510615305;-426.55025489384695;472.02;166.48;0.46;-179.66;1028
0.008;176.8780369824023;-425.1219630175977;472.02;166.48;0.46;-179.66;1028
0.008;178.30735429371106;-423.69264570628894;472.02;166.48;0.46;-179.66;1028
0.008;179.7373530603108;-422.2626469396892;472.02;166.48;0.46;-179.66;1028
0.008;181.16768930243325;-420.83231069756675;472.02;166.48;0.46;-179.66;1028
0.008;182.59801904030974;-419.40198095969026;472.02;166.48;0.46;-179.66;1028
0.008;184.02799829417194;-417.97200170582806;472.02;166.48;0.46;-179.66;1028
0.008;185.45728308425146;-416.54271691574854;472.02;166.48;0.46;-179.66;1028
0.008;186.88552943077963;-415.1144705692204;472.02;166.48;0.46;-179.66;1028
0.008;188.31239335398817;-413.68760664601183;472.02;166.48;0.46;-179.66;1028
0.008;189.7375308741086;-412.2624691258914;472.02;166.48;0.46;-179.66;1028
0.008;191.16059801137237;-410.8394019886276;472.02;166.48;0.46;-179.66;1028
0.008;192.58125078601114;-409.41874921398886;472.02;166.48;0.46;-179.66;1028
0.008;193.9991452182564;-408.0008547817436;472.02;166.48;0.46;-179.66;1028
0.008;195.41393732833973;-406.5860626716603;472.02;166.48;0.46;-179.66;1028
0.008;196.82528313649254;-405.17471686350746;472.02;166.48;0.46;-179.66;1028
0.008;198.23283866294656;-403.76716133705344;472.02;166.48;0.46;-179.66;1028
0.008;199.63625992793322;-402.3637400720668;472.02;166.48;0.46;-179.66;1028
0.008;201.03520295168414;-400.96479704831586;472.02;166.48;0.46;-179.66;1028
0.008;202.42932375443075;-399.57067624556925;472.02;166.48;0.46;-179.66;1028
0.008;203.81827835640473;-398.18172164359527;472.02;166.48;0.46;-179.66;1028
0.008;205.20172277783752;-396.7982772221625;472.02;166.48;0.46;-179.66;1028
0.008;206.57931303896078;-395.4206869610392;472.02;166.48;0.46;-179.66;1028
0.008;207.95070516000584;-394.04929483999416;472.02;166.48;0.46;-179.66;1028
0.008;209.31551100696151;-392.6844889930385;472.02;166.48;0.46;-179.66;1028
0.008;210.6731219128336;-391.3268780871664;472.02;166.48;0.46;-179.66;1028
0.008;212.02286049801222;-389.9771395019878;472.02;166.48;0.46;-179.66;1028
0.008;213.36404936056107;-388.63595063943893;472.02;166.48;0.46;-179.66;1028
0.008;214.69601109854352;-387.3039889014565;472.02;166.48;0.46;-179.66;1028
0.008;216.01806831002312;-385.9819316899769;472.02;166.48;0.46;-179.66;1028
0.008;217.32954359306348;-384.6704564069365;472.02;166.48;0.46;-179.66;1028
0.008;218.6297955873656;-383.3702044126344;472.02;166.48;0.46;-179.66;1028
0.008;219.918577397173;-382.081422602827;472.02;166.48;0.46;-179.66;1028
0.008;221.19588544114447;-380.80411455885553;472.02;166.48;0.46;-179.66;1028
0.008;222.46171971927987;-379.53828028072013;472.02;166.48;0.46;-179.66;1028
0.008;223.71608023157944;-378.28391976842056;472.02;166.48;0.46;-179.66;1028
0.008;224.958966978043;-377.041033021957;472.02;166.48;0.46;-179.66;1028
0.008;226.19037995867058;-375.8096200413294;472.02;166.48;0.46;-179.66;1028
0.008;227.41031917346226;-374.58968082653774;472.02;166.48;0.46;-179.66;1028
0.008;228.618784622418;-373.381215377582;472.02;166.48;0.46;-179.66;1028
0.008;229.81577630553778;-372.1842236944622;472.02;166.48;0.46;-179.66;1028
0.008;231.00129422282163;-370.9987057771784;472.02;166.48;0.46;-179.66;1028
0.008;232.17533837426947;-369.8246616257305;472.02;166.48;0.46;-179.66;1028
0.008;233.33790875988143;-368.66209124011857;472.02;166.48;0.46;-179.66;1028
0.008;234.48900537965739;-367.5109946203426;472.02;166.48;0.46;-179.66;1028
0.008;235.62862823359745;-366.37137176640255;472.02;166.48;0.46;-179.66;1028
0.008;236.75677732170146;-365.24322267829854;472.02;166.48;0.46;-179.66;1028
0.008;237.87345264396959;-364.1265473560304;472.02;166.48;0.46;-179.66;1028
0.008;238.97865420040176;-363.02134579959824;472.02;166.48;0.46;-179.66;1028
0.008;240.072381990998;-361.927618009002;472.02;166.48;0.46;-179.66;1028
0.008;241.15463601575829;-360.8453639842417;472.02;166.48;0.46;-179.66;1028
0.008;242.22541627468263;-359.77458372531737;472.02;166.48;0.46;-179.66;1028
0.008;243.28472276777103;-358.71527723222897;472.02;166.48;0.46;-179.66;1028
0.008;244.33253299757808;-357.6674670024219;472.02;166.48;0.46;-179.66;1028
0.008;245.36862182656233;-356.63137817343767;472.02;166.48;0.46;-179.66;1028
0.008;246.39265681185577;-355.6073431881442;472.02;166.48;0.46;-179.66;1028
0.008;247.40430453129028;-354.5956954687097;472.02;166.48;0.46;-179.66;1028
0.008;248.40323156269784;-353.59676843730216;472.02;166.48;0.46;-179.66;1028
0.008;249.38910448391067;-352.61089551608933;472.02;166.48;0.46;-179.66;1028
0.008;250.36158987276042;-351.6384101272396;472.02;166.48;0.46;-179.66;1028
0.008;251.32036816741606;-350.67963183258394;472.02;166.48;0.46;-179.66;1028
0.008;252.2654431243576;-349.7345568756424;472.02;166.48;0.46;-179.66;1028
0.008;253.19714435556853;-348.8028556444315;472.02;166.48;0.46;-179.66;1028
0.008;254.11581584081756;-347.88418415918244;472.02;166.48;0.46;-179.66;1028
0.008;255.02180155987276;-346.97819844012724;472.02;166.48;0.46;-179.66;1028
0.008;255.915445492503;-346.084554507497;472.02;166.48;0.46;-179.66;1028
0.008;256.79709161847654;-345.20290838152346;472.02;166.48;0.46;-179.66;1028
0.008;257.6670839175618;-344.3329160824382;472.02;166.48;0.46;-179.66;1028
0.008;258.5257663695272;-343.4742336304728;472.02;166.48;0.46;-179.66;1028
0.008;259.3734829541414;-342.6265170458586;472.02;166.48;0.46;-179.66;1028
0.008;260.21057765117274;-341.78942234882726;472.02;166.48;0.46;-179.66;1028
0.008;261.0373944403895;-340.9626055596105;472.02;166.48;0.46;-179.66;1028
0.008;261.8542773015605;-340.1457226984395;472.02;166.48;0.46;-179.66;1028
0.008;262.66157021445383;-339.33842978554617;472.02;166.48;0.46;-179.66;1028
0.008;263.4596171588383;-338.5403828411617;472.02;166.48;0.46;-179.66;1028
0.008;264.2487621144821;-337.7512378855179;472.02;166.48;0.46;-179.66;1028
0.008;265.0293490611537;-336.9706509388463;472.02;166.48;0.46;-179.66;1028
0.008;265.8017219786217;-336.1982780213783;472.02;166.48;0.46;-179.66;1028
0.008;266.56622484665445;-335.43377515334555;472.02;166.48;0.46;-179.66;1028
0.008;267.3232016450204;-334.6767983549796;472.02;166.48;0.46;-179.66;1028
0.008;268.07299635348807;-333.92700364651193;472.02;166.48;0.46;-179.66;1028
0.008;268.8159529518259;-333.1840470481741;472.02;166.48;0.46;-179.66;1028
0.008;269.5524154198023;-332.4475845801977;472.02;166.48;0.46;-179.66;1028
0.008;270.2827277371858;-331.7172722628142;472.02;166.48;0.46;-179.66;1028
0.008;271.0072338837448;-330.9927661162552;472.02;166.48;0.46;-179.66;1028
0.008;271.72627783924776;-330.27372216075224;472.02;166.48;0.46;-179.66;1028
0.008;272.4402067260415;-329.5597932739585;472.02;166.48;0.46;-179.66;1028
0.008;273.14950236087384;-328.85049763912616;472.02;166.48;0.46;-179.66;1028
0.008;273.85482914612345;-328.14517085387655;472.02;166.48;0.46;-179.66;1028
0.008;274.5568644837268;-327.4431355162732;472.02;166.48;0.46;-179.66;1028
0.008;275.2562857756204;-326.7437142243796;472.02;166.48;0.46;-179.66;1028
0.008;275.9537704237409;-326.0462295762591;472.02;166.48;0.46;-179.66;1028
0.008;276.64999583002447;-325.35000416997553;472.02;166.48;0.46;-179.66;1028
0.008;277.34563907944226;-324.65436092055774;472.02;166.48;0.46;-179.66;1028
0.008;278.0412107859861;-323.9587892140139;472.02;166.48;0.46;-179.66;1028
0.008;278.7367824925299;-323.2632175074701;472.02;166.48;0.46;-179.66;1028
0.008;279.4323541990737;-322.5676458009263;472.02;166.48;0.46;-179.66;1028
0.008;280.1279259056176;-321.8720740943824;472.02;166.48;0.46;-179.66;1028
0.008;280.8234976121614;-321.1765023878386;472.02;166.48;0.46;-179.66;1028
0.008;281.51906931870525;-320.48093068129475;472.02;166.48;0.46;-179.66;1028
0.008;282.2146410252491;-319.7853589747509;472.02;166.48;0.46;-179.66;1028
0.008;282.91021273179285;-319.08978726820715;472.02;166.48;0.46;-179.66;1028
0.008;283.60578443833674;-318.39421556166326;472.02;166.48;0.46;-179.66;1028
0.008;284.3013561448806;-317.6986438551194;472.02;166.48;0.46;-179.66;1028
0.008;284.99692785142435;-317.00307214857565;472.02;166.48;0.46;-179.66;1028
0.008;285.69249955796823;-316.30750044203177;472.02;166.48;0.46;-179.66;1028
0.008;286.38807126451206;-315.61192873548794;472.02;166.48;0.46;-179.66;1028
0.008;287.08364297105584;-314.91635702894416;472.02;166.48;0.46;-179.66;1028
0.008;287.7792146775997;-314.2207853224003;472.02;166.48;0.46;-179.66;1028
0.008;288.47478638414356;-313.52521361585644;472.02;166.48;0.46;-179.66;1028
0.008;289.17035809068733;-312.82964190931267;472.02;166.48;0.46;-179.66;1028
0.008;289.8659297972312;-312.1340702027688;472.02;166.48;0.46;-179.66;1028
0.008;290.56150150377505;-311.43849849622495;472.02;166.48;0.46;-179.66;1028
0.008;291.2570732103188;-310.7429267896812;472.02;166.48;0.46;-179.66;1028
0.008;291.9526449168627;-310.0473550831373;472.02;166.48;0.46;-179.66;1028
0.008;292.64821662340654;-309.35178337659346;472.02;166.48;0.46;-179.66;1028
0.008;293.3437883299503;-308.6562116700497;472.02;166.48;0.46;-179.66;1028
0.008;294.0393600364942;-307.9606399635058;472.02;166.48;0.46;-179.66;1028
0.008;294.734931743038;-307.265068256962;472.02;166.48;0.46;-179.66;1028
0.008;295.4305034495818;-306.5694965504182;472.02;166.48;0.46;-179.66;1028
0.008;296.1260751561257;-305.8739248438743;472.02;166.48;0.46;-179.66;1028
0.008;296.8216468626694;-305.1783531373306;472.02;166.48;0.46;-179.66;1028
0.008;297.5172185692133;-304.4827814307867;472.02;166.48;0.46;-179.66;1028
0.008;298.2127902757571;-303.7872097242429;472.02;166.48;0.46;-179.66;1028
0.008;298.9083619823009;-303.0916380176991;472.02;166.48;0.46;-179.66;1028
0.008;299.6039336888448;-302.3960663111552;472.02;166.48;0.46;-179.66;1028
0.008;300.29950539538856;-301.70049460461144;472.02;166.48;0.46;-179.66;1028
0.008;300.9950771019324;-301.0049228980676;472.02;166.48;0.46;-179.66;1028
0.008;301.6906488084763;-300.3093511915237;472.02;166.48;0.46;-179.66;1028
0.008;302.38622051502006;-299.61377948497994;472.02;166.48;0.46;-179.66;1028
0.008;303.0817922215639;-298.9182077784361;472.02;166.48;0.46;-179.66;1028
0.008;303.7773639281078;-298.2226360718922;472.02;166.48;0.46;-179.66;1028
0.008;304.47293563465155;-297.52706436534845;472.02;166.48;0.46;-179.66;1028
0.008;305.1685073411954;-296.8314926588046;472.02;166.48;0.46;-179.66;1028
0.008;305.86407904773927;-296.13592095226073;472.02;166.48;0.46;-179.66;1028
0.008;306.55965075428304;-295.44034924571696;472.02;166.48;0.46;-179.66;1028
0.008;307.2552224608269;-294.7447775391731;472.02;166.48;0.46;-179.66;1028
0.008;307.95079416737076;-294.04920583262924;472.02;166.48;0.46;-179.66;1028
0.008;308.64636587391453;-293.35363412608547;472.02;166.48;0.46;-179.66;1028
0.008;309.34193758045836;-292.65806241954164;472.02;166.48;0.46;-179.66;1028
0.008;310.0375089604907;-291.9624910395093;472.02;166.48;0.46;-179.66;1028
0.008;310.73298958566005;-291.26701041433995;472.02;166.48;0.46;-179.66;1028
0.008;311.42807662333985;-290.57192337666015;472.02;166.48;0.46;-179.66;1028
0.008;312.12243665136185;-289.87756334863815;472.02;166.48;0.46;-179.66;1028
0.008;312.81573624755805;-289.18426375244195;472.02;166.48;0.46;-179.66;1028
0.008;313.5076419897605;-288.4923580102395;472.02;166.48;0.46;-179.66;1028
0.008;314.1978204558011;-287.8021795441989;472.02;166.48;0.46;-179.66;1028
0.008;314.8859382235117;-287.1140617764883;472.02;166.48;0.46;-179.66;1028
0.008;315.5716618707245;-286.4283381292755;472.02;166.48;0.46;-179.66;1028
0.008;316.2546579752714;-285.7453420247286;472.02;166.48;0.46;-179.66;1028
0.008;316.9345931149843;-285.0654068850157;472.02;166.48;0.46;-179.66;1028
0.008;317.61113386769523;-284.38886613230477;472.02;166.48;0.46;-179.66;1028
0.008;318.2839468112361;-283.7160531887639;472.02;166.48;0.46;-179.66;1028
0.008;318.95269852343887;-283.04730147656113;472.02;166.48;0.46;-179.66;1028
0.008;319.6170555821356;-282.3829444178644;472.02;166.48;0.46;-179.66;1028
0.008;320.2766845651582;-281.7233154348418;472.02;166.48;0.46;-179.66;1028
0.008;320.9312520503386;-281.0687479496614;472.02;166.48;0.46;-179.66;1028
0.008;321.58042461550883;-280.41957538449117;472.02;166.48;0.46;-179.66;1028
0.008;322.2238688385009;-279.7761311614991;472.02;166.48;0.46;-179.66;1028
0.008;322.8612512971466;-279.1387487028534;472.02;166.48;0.46;-179.66;1028
0.008;323.492238569278;-278.507761430722;472.02;166.48;0.46;-179.66;1028
0.008;324.1164972327272;-277.8835027672728;472.02;166.48;0.46;-179.66;1028
0.008;324.73369386532596;-277.26630613467404;472.02;166.48;0.46;-179.66;1028
0.008;325.34349504490626;-276.65650495509374;472.02;166.48;0.46;-179.66;1028
0.008;325.9455673493003;-276.0544326506997;472.02;166.48;0.46;-179.66;1028
0.008;326.53957735633975;-275.46042264366025;472.02;166.48;0.46;-179.66;1028
0.008;327.12519164385674;-274.87480835614326;472.02;166.48;0.46;-179.66;1028
0.008;327.70207678968325;-274.29792321031675;472.02;166.48;0.46;-179.66;1028
0.008;328.26989937165115;-273.73010062834885;472.02;166.48;0.46;-179.66;1028
0.008;328.8283259675925;-273.1716740324075;472.02;166.48;0.46;-179.66;1028
0.008;329.37702315533926;-272.62297684466074;472.02;166.48;0.46;-179.66;1028
0.008;329.9156575127233;-272.0843424872767;472.02;166.48;0.46;-179.66;1028
0.008;330.44389561757674;-271.55610438242326;472.02;166.48;0.46;-179.66;1028
0.008;330.96140404773143;-271.03859595226857;472.02;166.48;0.46;-179.66;1028
0.008;331.46788052972215;-270.53211947027785;472.02;166.48;0.46;-179.66;1028
0.008;331.9632357047828;-270.0367642952172;472.02;166.48;0.46;-179.66;1028
0.008;332.44746927261156;-269.55253072738844;472.02;166.48;0.46;-179.66;1028
0.008;332.9205812332082;-269.0794187667918;472.02;166.48;0.46;-179.66;1028
0.008;333.38257158657296;-268.61742841342704;472.02;166.48;0.46;-179.66;1028
0.008;333.8334403327057;-268.1665596672943;472.02;166.48;0.46;-179.66;1028
0.008;334.27318747160643;-267.72681252839357;472.02;166.48;0.46;-179.66;1028
0.008;334.7018130032751;-267.2981869967249;472.02;166.48;0.46;-179.66;1028
0.008;335.11931692771185;-266.88068307228815;472.02;166.48;0.46;-179.66;1028
0.008;335.5256992449165;-266.4743007550835;472.02;166.48;0.46;-179.66;1028
0.008;335.92095995488927;-266.07904004511073;472.02;166.48;0.46;-179.66;1028
0.008;336.3050990576299;-265.6949009423701;472.02;166.48;0.46;-179.66;1028
0.008;336.67811655313864;-265.32188344686136;472.02;166.48;0.46;-179.66;1028
0.008;337.04001244141534;-264.95998755858466;472.02;166.48;0.46;-179.66;1028
0.008;337.39078672246006;-264.60921327753994;472.02;166.48;0.46;-179.66;1028
0.008;337.73043939627274;-264.26956060372726;472.02;166.48;0.46;-179.66;1028
0.008;338.0589704628534;-263.9410295371466;472.02;166.48;0.46;-179.66;1028
0.008;338.37637992220215;-263.62362007779785;472.02;166.48;0.46;-179.66;1028
0.008;338.68266777431876;-263.31733222568124;472.02;166.48;0.46;-179.66;1028
0.008;338.97783401920344;-263.02216598079656;472.02;166.48;0.46;-179.66;1028
0.008;339.2618786568562;-262.7381213431438;472.02;166.48;0.46;-179.66;1028
0.008;339.53480168727685;-262.46519831272315;472.02;166.48;0.46;-179.66;1028
0.008;339.7966031104655;-262.2033968895345;472.02;166.48;0.46;-179.66;1028
0.008;340.04728292642227;-261.95271707357773;472.02;166.48;0.46;-179.66;1028
0.008;340.2868411351469;-261.7131588648531;472.02;166.48;0.46;-179.66;1028
0.008;340.5152777366396;-261.4847222633604;472.02;166.48;0.46;-179.66;1028
0.008;340.7325927309003;-261.2674072690997;472.02;166.48;0.46;-179.66;1028
0.008;340.938786117929;-261.061213882071;472.02;166.48;0.46;-179.66;1028
0.008;341.13385789772565;-260.86614210227435;472.02;166.48;0.46;-179.66;1028
0.008;341.31782250667334;-260.68217749332666;472.02;166.48;0.46;-179.66;1028
0.008;341.4908808912415;-260.5091191087585;472.02;166.48;0.46;-179.66;1028
0.008;341.6533638390934;-260.3466361609066;472.02;166.48;0.46;-179.66;1028
0.008;341.80560477239715;-260.19439522760285;472.02;166.48;0.46;-179.66;1028
0.008;341.9479371133207;-260.0520628866793;472.02;166.48;0.46;-179.66;1028
0.008;342.080694284032;-259.919305715968;472.02;166.48;0.46;-179.66;1028
0.008;342.20420970669926;-259.79579029330074;472.02;166.48;0.46;-179.66;1028
0.008;342.31881680349056;-259.68118319650944;472.02;166.48;0.46;-179.66;1028
0.008;342.42484899657364;-259.57515100342636;472.02;166.48;0.46;-179.66;1028
0.008;342.52263970811674;-259.47736029188326;472.02;166.48;0.46;-179.66;1028
0.008;342.6125223602879;-259.3874776397121;472.02;166.48;0.46;-179.66;1028
0.008;342.69483037525504;-259.30516962474496;472.02;166.48;0.46;-179.66;1028
0.008;342.7698971751863;-259.2301028248137;472.02;166.48;0.46;-179.66;1028
0.008;342.83805618224966;-259.16194381775034;472.02;166.48;0.46;-179.66;1028
0.008;342.89964081861314;-259.10035918138686;472.02;166.48;0.46;-179.66;1028
0.008;342.9549845064449;-259.0450154935551;472.02;166.48;0.46;-179.66;1028
0.008;343.00442066791277;-258.99557933208723;472.02;166.48;0.46;-179.66;1028
0.008;343.04828272518483;-258.95171727481517;472.02;166.48;0.46;-179.66;1028
0.008;343.0869041004293;-258.9130958995707;472.02;166.48;0.46;-179.66;1028
0.008;343.12061821581403;-258.87938178418597;472.02;166.48;0.46;-179.66;1028
0.008;343.1497584935071;-258.8502415064929;472.02;166.48;0.46;-179.66;1028
0.008;343.1746583556765;-258.8253416443235;472.02;166.48;0.46;-179.66;1028
0.008;343.19565122449035;-258.80434877550965;472.02;166.48;0.46;-179.66;1028
0.008;343.21307052211665;-258.78692947788335;472.02;166.48;0.46;-179.66;1028
0.008;343.2272496707233;-258.7727503292767;472.02;166.48;0.46;-179.66;1028
0.008;343.23852209247866;-258.76147790752134;472.02;166.48;0.46;-179.66;1028
0.008;343.2472212095504;-258.7527787904496;472.02;166.48;0.46;-179.66;1028
0.008;343.25368044410675;-258.74631955589325;472.02;166.48;0.46;-179.66;1028
0.008;343.2582332183157;-258.7417667816843;472.02;166.48;0.46;-179.66;1028
0.008;343.26121295434524;-258.73878704565476;472.02;166.48;0.46;-179.66;1028
0.008;343.2629530743635;-258.7370469256365;472.02;166.48;0.46;-179.66;1028
0.008;343.2637870005385;-258.7362129994615;472.02;166.48;0.46;-179.66;1028
0.008;343.26404815503815;-258.73595184496185;472.02;166.48;0.46;-179.66;1028
0.008;343.26406871192853;-258.73593128807147;472.02;166.48;0.46;-179.66;1028
0.008;343.26406871192853;-258.73593128807147;472.02;166.48;0.46;-179.66;1028
0.008;343.26406871192853;-258.73593128807147;472.02;166.48;0.46;-179.66;1028
0.008;343.26406871192853;-258.73593128807147;472.02;166.48;0.46;-179.66;1028
0.008;343.26406871192853;-258.73593128807147;472.02;166.48;0.46;-179.66;1028
0.008;343.26406871192853;-258.73593128807147;472.02;166.48;0.46;-179.66;1028
0.008;343.26406871192853;-258.73593128807147;472.02;166.48;0.46;-179.66;1028
0.008;343.26406871192853;-258.73593128807147;472.02;166.48;0.46;-179.66;1028
0.008;343.26406871192853;-258.73593128807147;472.02;166.48;0.46;-179.66;1028
0.008;343.26406871192853;-258.73593128807147;472.02;166.48;0.46;-179.66;1028
0.008;343.26406871192853;-258.73593128807147;472.02;166.48;0.46;-179.66;1028
0.008;343.26406871192853;-258.73593128807147;472.02;166.48;0.46;-179.66;1028
0.008;343.26406871192853;-258.73593128807147;472.02;166.48;0.46;-179.66;1028
0.008;343.26406871192853;-258.73593128807147;472.02;166.48;0.46;-179.66;1028
0.008;343.26406871192853;-258.73593128807147;472.02;166.48;0.46;-179.66;1028
0.008;343.26406871192853;-258.73593128807147;472.02;166.48;0.46;-179.66;1028
0.008;343.26406871192853;-258.73593128807147;472.02;166.48;0.46;-179.66;1028
0.008;343.26406871192853;-258.73593128807147;472.02;166.48;0.46;-179.66;1028
0.008;343.26406871192853;-258.73593128807147;472.02;166.48;0.46;-179.66;1028
0.008;343.26406871192853;-258.73593128807147;472.02;166.48;0.46;-179.66;1028
0.008;343.26406871192853;-258.73593128807147;472.02;166.48;0.46;-179.66;1028
0.008;343.26406871192853;-258.73593128807147;472.02;166.48;0.46;-179.66;1028
0.008;343.26406871192853;-258.73593128807147;472.02;166.48;0.46;-179.66;1028
0.008;343.26406871192853;-258.73593128807147;472.02;166.48;0.46;-179.66;1028
0.008;343.26406871192853;-258.73593128807147;472.02;166.48;0.46;-179.66;1028
0.008;343.26406871192853;-258.73593128807147;472.02;166.48;0.46;-179.66;1028
0.008;343.26406871192853;-258.73593128807147;472.02;166.48;0.46;-179.66;1028
0.008;343.26406871192853;-258.73593128807147;472.02;166.48;0.46;-179.66;1028
0.008;343.26406871192853;-258.73593128807147;472.02;166.48;0.46;-179.66;1028
0.008;343.26406871192853;-258.73593128807147;472.02;166.48;0.46;-179.66;1028
0.008;343.26406871192853;-258.73593128807147;472.02;166.48;0.46;-179.66;1028
0.008;343.26406871192853;-258.73593128807147;472.02;166.48;0.46;-179.66;1028
0.008;343.26406871192853;-258.73593128807147;472.02;166.48;0.46;-179.66;1028
0.008;343.26406871192853;-258.73593128807147;472.02;166.48;0.46;-179.66;1028
0.008;343.26406871192853;-258.73593128807147;472.02;166.48;0.46;-179.66;1028
0.008;343.26406871192853;-258.73593128807147;472.02;166.48;0.46;-179.66;1028
0.008;343.26406871192853;-258.73593128807147;472.02;166.48;0.46;-179.66;1028
0.008;343.26406871192853;-258.73593128807147;472.02;166.48;0.46;-179.66;1028
0.008;343.26406871192853;-258.73593128807147;472.02;166.48;0.46;-179.66;1028
0.008;343.26406871192853;-258.73593128807147;472.02;166.48;0.46;-179.66;1028
0.008;343.26406871192853;-258.73593128807147;472.02;166.48;0.46;-179.66;1028
0.008;343.26406871192853;-258.73593128807147;472.02;166.48;0.46;-179.66;1028
0.008;343.26406871192853;-258.73593128807147;472.02;166.48;0.46;-179.66;1028
0.008;343.26406871192853;-258.73593128807147;472.02;166.48;0.46;-179.66;1028
0.008;343.26406871192853;-258.73593128807147;472.02;166.48;0.46;-179.66;1028
0.008;343.26406871192853;-258.73593128807147;472.02;166.48;0.46;-179.66;1028
0.008;343.26406871192853;-258.73593128807147;472.02;166.48;0.46;-179.66;1028
0.008;343.26406871192853;-258.73593128807147;472.02;166.48;0.46;-179.66;1028
0.008;343.26406871192853;-258.73593128807147;472.02;166.48;0.46;-179.66;1028
0.008;343.26406871192853;-258.73593128807147;472.02;166.48;0.46;-179.66;1028
0.008;343.26406871192853;-258.73593128807147;472.02;166.48;0.46;-179.66;1028
0.008;343.26406871192853;-258.73593128807147;472.02;166.48;0.46;-179.66;1028
0.008;343.26406871192853;-258.73593128807147;472.02;166.48;0.46;-179.66;1028
0.008;343.26406871192853;-258.73593128807147;472.02;166.48;0.46;-179.66;1028
0.008;343.26406871192853;-258.73593128807147;472.02;166.48;0.46;-179.66;1028
0.008;343.26406871192853;-258.73593128807147;472.02;166.48;0.46;-179.66;1028
0.008;343.26406871192853;-258.73593128807147;472.02;166.48;0.46;-179.66;1028
0.008;343.26406871192853;-258.73593128807147;472.02;166.48;0.46;-179.66;1028
0.008;343.26406871192853;-258.73593128807147;472.02;166.48;0.46;-179.66;1028
0.008;343.26406871192853;-258.73593128807147;472.02;166.48;0.46;-179.66;1028
0.008;343.26406871192853;-258.73593128807147;472.02;166.48;0.46;-179.66;1028
0.008;343.26406871192853;-258.73593128807147;472.02;166.48;0.46;-179.66;1028
0.008;343.26406871192853;-258.73593128807147;472.02;166.48;0.46;-179.66;1028
0.008;343.26406871192853;-258.73593128807147;472.02;166.48;0.46;-179.66;1028
0.008;343.26406871192853;-258.73593128807147;472.02;166.48;0.46;-179.66;1028
0.008;343.26406871192853;-258.73593128807147;472.02;166.48;0.46;-179.66;1028
0.008;343.26406871192853;-258.73593128807147;472.02;166.48;0.46;-179.66;1028
0.008;343.26406871192853;-258.73593128807147;472.02;166.48;0.46;-179.66;1028
0.008;343.26406871192853;-258.73593128807147;472.02;166.48;0.46;-179.66;1028
0.008;343.26406871192853;-258.73593128807147;472.02;166.48;0.46;-179.66;1028
0.008;343.26406871192853;-258.73593128807147;472.02;166.48;0.46;-179.66;1028
0.008;343.26406871192853;-258.73593128807147;472.02;166.48;0.46;-179.66;1028
0.008;343.26406871192853;-258.73593128807147;472.02;166.48;0.46;-179.66;1028
0.008;343.26406871192853;-258.73593128807147;472.02;166.48;0.46;-179.66;1028
0.008;343.26406871192853;-258.73593128807147;472.02;166.48;0.46;-179.66;1028
0.008;343.26406871192853;-258.73593128807147;472.02;166.48;0.46;-179.66;1028
0.008;343.26406871192853;-258.73593128807147;472.02;166.48;0.46;-179.66;1028
0.008;343.26406871192853;-258.73593128807147;472.02;166.48;0.46;-179.66;1028
0.008;343.26406871192853;-258.73593128807147;472.02;166.48;0.46;-179.66;1028
0.008;343.26406871192853;-258.73593128807147;472.02;166.48;0.46;-179.66;1028
0.008;343.26406871192853;-258.73593128807147;472.02;166.48;0.46;-179.66;1028
0.008;343.26406871192853;-258.73593128807147;472.02;166.48;0.46;-179.66;1028
0.008;343.26406871192853;-258.73593128807147;472.02;166.48;0.46;-179.66;1028
0.008;343.26406871192853;-258.73593128807147;472.02;166.48;0.46;-179.66;1028
0.008;343.26406871192853;-258.73593128807147;472.02;166.48;0.46;-179.66;1028
0.008;343.26406871192853;-258.73593128807147;472.02;166.48;0.46;-179.66;1028
0.008;343.26406871192853;-258.73593128807147;472.02;166.48;0.46;-179.66;1028
0.008;343.26406871192853;-258.73593128807147;472.02;166.48;0.46;-179.66;1028
0.008;343.26406871192853;-258.73593128807147;472.02;166.48;0.46;-179.66;1028
0.008;343.26406871192853;-258.73593128807147;472.02;166.48;0.46;-179.66;1028
0.008;343.26406871192853;-258.73593128807147;472.02;166.48;0.46;-179.66;1028
0.008;343.26406871192853;-258.73593128807147;472.02;166.48;0.46;-179.66;1028
0.008;343.26406871192853;-258.73593128807147;472.02;166.48;0.46;-179.66;1028
0.008;343.26406871192853;-258.73593128807147;472.02;166.48;0.46;-179.66;1028
0.008;343.26406871192853;-258.73593128807147;472.02;166.48;0.46;-179.66;1028
0.008;343.26406871192853;-258.73593128807147;472.02;166.48;0.46;-179.66;1028
0.008;343.26406871192853;-258.73593128807147;472.02;166.48;0.46;-179.66;1028
0.008;343.26406871192853;-258.73593128807147;472.02;166.48;0.46;-179.66;1028
0.008;343.26406871192853;-258.73593128807147;472.02;166.48;0.46;-179.66;1028
0.008;343.26406871192853;-258.73593128807147;472.02;166.48;0.46;-179.66;1028
